カテゴリー,商品名,価格（税込）,エネルギー,タンパク質,脂質,炭水化物,食塩相当量,カルシウム,野菜量,鉄,ビタミン A,ビタミン B1,ビタミン B2,ビタミン C
主菜,とり天葱生姜だれ,297円,352 kcal,17.1 g,23.2 g,18.7 g,1.6 g,11 mg,0 g,0.4mg,67μg,0.06mg,0.08mg,1mg
主菜,豚肉の生姜焼き,297円,240kcal,19.6g,14.7g,9.2g,1.6g,15mg,50g,0.8mg,5μg,0.68mg,0.25mg,7mg
主菜,ビーフメンチカツデミソース,297円,340kcal,8.6g,23.2g,24.6g,1.9g,21mg,14g,0.9mg,10μg,0.06mg,0.06mg,1mg
主菜,豆腐とあさりのうま塩煮,297円,169kcal,15.8g,7.1g,14.0g,3.0g,136mg,85g,17.2mg,9μg,0.20mg,0.13mg,16mg
主菜,ハンバーグガーリックオニオン,253円,230kcal,15.1g,11.4g,15.5g,2.3g,40mg,23g,1.3mg,22μg,0.13mg,0.13mg,2mg
主菜,骨まで食べられるかれい唐揚げ,253円,119 kcal,12.5 g,5.5 g,5.1 g,0.4 g,28 mg,0 g,0.1mg,4μg,0.02mg,0.22mg,1mg
主菜,さば塩焼き,253円,268kcal,15.9g,22.7g,0.0g,0.6g,7mg,0g,0.9mg,42μg,0.13mg,0.33mg,1mg
副菜,春巻き,132円,305kcal,3.9g,23.1g,20.7g,1.0g,16mg,13g,0.4mg,11μg,0.04mg,0.03mg,2mg
副菜,わかめ玉子サラダ,132円,60kcal,2.4g,4.4g,3.6g,0.6g,28mg,40g,0.2mg,6μg,0.02mg,0.06mg,16mg
副菜,オクラ巣ごもり玉子,132円,81kcal,6.7g,5.5g,3.0g,0.6g,57mg,33g,1.2mg,96μg,0.06mg,0.22mg,2mg
副菜,鉄分たっぷり鶏きも煮,99円,73kcal,7.8g,1.9g,5.5g,1.2g,4mg,0g,2.8mg,5476μg,0.14mg,0.63mg,7mg
副菜,そぼろきんぴらごぼう,99円,95kcal,6.6g,2.5g,11.4g,0.9g,39mg,23g,1.0mg,44μg,0.09mg,0.05mg,2mg
副菜,じゃガリバタ,99円,98kcal,1.6g,1.0g,20.7g,0.7g,4mg,0g,0.7mg,1μg,0.04mg,0.01mg,8mg
副菜,ほうれん草胡麻ナムル,99円,45kcal,1.9g,2.7g,4.1g,0.4g,52mg,54g,0.6mg,166μg,0.03mg,0.03mg,6mg
副菜,ねぎ塩豆腐,99円,73kcal,4.9g,4.6g,4.3g,0.6g,36mg,10g,1.2mg,12μg,0.11mg,0.05mg,3mg
副菜,ほうれん草胡麻和え,77円,30kcal,1.9g,1.3g,3.8g,0.5g,54mg,50g,0.7mg,225μg,0.04mg,0.06mg,10mg
副菜,ひじき煮,77円,48kcal,1.6g,2.4g,4.9g,0.8g,31mg,4g,0.4mg,38μg,0.02mg,0.02mg,0mg
副菜,パンプキンサラダ,77円,107 kcal,1.3 g,6.9 g,9.9 g,0.4 g,5 mg,30 g,0.2mg,101μg,0.02mg,0.03mg,10mg
副菜,ミニサラダ,77円,8kcal,0.3g,0.0g,1.9g,0.0g,13mg,40g,0.1mg,7μg,0.01mg,0.01mg,10mg
副菜,豚汁,110円,71kcal,4.8g,3.0g,8.0g,1.5g,23mg,40g,0.5mg,64μg,0.13mg,0.09mg,3mg
副菜,味噌汁,44円,24kcal,1.6g,0.8g,3.0g,1.7g,14mg,0g,0.2mg,1μg,0.01mg,0.04mg,0mg
麺類,肉うどん,473円,579kcal,17.2g,19.9g,80.3g,5.5g,25mg,5g,1.6mg,19μg,0.13mg,0.13mg,3mg
麺類,肉そば,473円,554kcal,22.4g,20.3g,67.8g,5.1g,30mg,5g,2.9mg,19μg,0.23mg,0.16mg,3mg
麺類,かき揚げうどん,396円,457kcal,11.2g,4.2g,93.4g,5.0g,29mg,36g,0.8mg,66μg,0.12mg,0.07mg,6mg
麺類,かき揚げそば,396円,432kcal,16.4g,4.6g,80.9g,4.6g,34mg,36g,2.1mg,66μg,0.22mg,0.10mg,6mg
麺類,ちく天うどん,396円,444kcal,16.9g,5.3g,82.3g,5.6g,31mg,5g,1.4mg,6μg,0.13mg,0.10mg,2mg
麺類,ちく天そば,396円,419kcal,22.1g,5.7g,69.8g,5.2g,36mg,5g,2.7mg,6μg,0.23mg,0.13mg,2mg
麺類,かけうどん,308円,346kcal,8.8g,2.0g,73.4g,4.2g,21mg,5g,0.7mg,6μg,0.10mg,0.05mg,2mg
麺類,かけそば,308円,321kcal,14.0g,2.4g,60.9g,3.8g,26mg,5g,2.0mg,6μg,0.20mg,0.08mg,2mg
麺類,とんこつ醤油ラーメン,550円,521kcal,22.5g,15.0g,73.8g,7.5g,52mg,45g,2.1mg,137μg,0.30mg,0.16mg,6mg
麺類,塩ラーメン,473円,439kcal,16.9g,9.3g,71.2g,7.3g,30mg,20g,1.1mg,8μg,0.22mg,0.10mg,2mg
丼・カレー,（中）チキン竜田丼,中583円 小495円 大715円,764kcal,23.5g,27.6g,108.9g,3.4g,22mg,0g,0.9mg,47μg,0.18mg,0.23mg,0mg
丼・カレー,（中）ビビンバ丼,中528円 小440円 大660円,556kcal,16.7g,11.9g,97.8g,4.0g,90mg,66g,1.4mg,142μg,0.16mg,0.13mg,12mg
丼・カレー,（中）カツ玉丼,中528円 小440円 大660円,700kcal,20.3g,24.7g,101.4g,2.0g,23mg,0g,0.8mg,28μg,0.36mg,0.19mg,1mg
丼・カレー,（中）ロースカツカレー,中528円 小440円 大660円,787kcal,20.5g,29.2g,112.6g,3.3g,39mg,5g,1.5mg,49μg,0.38mg,0.11mg,0mg
丼・カレー,（中）カレーライス,中363円 小286円 大440円,506kcal,9.3g,9.5g,98.6g,2.7g,33mg,5g,1.2mg,46μg,0.07mg,0.05mg,0mg
丼・カレー,（大）ライス,231円,437kcal,7.0g,0.8g,103.9g,0.0g,8mg,0g,0.3mg,0μg,0.06mg,0.03mg,0mg
丼・カレー,（中）ライス,中187円 小143円 大231円,343kcal,5.5g,0.7g,81.6g,0.0g,7mg,0g,0.2mg,0μg,0.04mg,0.02mg,0mg
丼・カレー,（小）ライス,143円,250kcal,4.0g,0.5g,59.4g,0.0g,5mg,0g,0.2mg,0μg,0.03mg,0.02mg,0mg
丼・カレー,（ミニ）ライス,99円,156kcal,2.5g,0.3g,37.1g,0.0g,3mg,0g,0.1mg,0μg,0.02mg,0.01mg,0mg
デザート,バナナケーキ,165円,100kcal,1.4g,6.6g,8.7g,0.0g,12mg,0g,0.2mg,31μg,0.02mg,0.04mg,0mg
デザート,大学芋,121円,157kcal,0.6g,3.2g,31.7g,0.0g,15mg,0g,0.4mg,0μg,0.06mg,0.03mg,6mg
デザート,フルーツミックスヨーグルト,99円,51kcal,1.5g,1.2g,9.6g,0.0g,51mg,0g,0.0mg,17μg,0.03mg,0.07mg,10mg
デザート,エクレア,99円,94kcal,2.2g,6.5g,6.4g,0.1g,35mg,0g,0.1mg,1μg,0.01mg,0.46mg,0mg
